<annotation>
	<folder>fire_train_1</folder>
	<filename>fire_80.jpg</filename>
	<path>\\wsl$\Ubuntu-20.04\home\junwide\Documents\notebooks\MaixPy_YoloV2\datasets\fire\fire_1\fire_train_1\fire_80.jpg</path>
	<source>
		<database>Unknown</database>
	</source>
	<size>
		<width>224</width>
		<height>224</height>
		<depth>3</depth>
	</size>
	<segmented>0</segmented>
	<object>
		<name>fire</name>
		<pose>Unspecified</pose>
		<truncated>1</truncated>
		<difficult>0</difficult>
		<bndbox>
			<xmin>1</xmin>
			<ymin>30</ymin>
			<xmax>25</xmax>
			<ymax>129</ymax>
		</bndbox>
	</object>
	<object>
		<name>fire</name>
		<pose>Unspecified</pose>
		<truncated>0</truncated>
		<difficult>0</difficult>
		<bndbox>
			<xmin>132</xmin>
			<ymin>5</ymin>
			<xmax>198</xmax>
			<ymax>63</ymax>
		</bndbox>
	</object>
	<object>
		<name>fire</name>
		<pose>Unspecified</pose>
		<truncated>0</truncated>
		<difficult>0</difficult>
		<bndbox>
			<xmin>156</xmin>
			<ymin>31</ymin>
			<xmax>178</xmax>
			<ymax>105</ymax>
		</bndbox>
	</object>
	<object>
		<name>fire</name>
		<pose>Unspecified</pose>
		<truncated>0</truncated>
		<difficult>0</difficult>
		<bndbox>
			<xmin>39</xmin>
			<ymin>119</ymin>
			<xmax>97</xmax>
			<ymax>152</ymax>
		</bndbox>
	</object>
</annotation>
