<annotation>
	<folder>fire_train_1</folder>
	<filename>fire_17.jpg</filename>
	<path>\\wsl$\Ubuntu-20.04\home\junwide\Documents\notebooks\MaixPy_YoloV2\datasets\fire\fire_1\fire_train_1\fire_17.jpg</path>
	<source>
		<database>Unknown</database>
	</source>
	<size>
		<width>224</width>
		<height>224</height>
		<depth>3</depth>
	</size>
	<segmented>0</segmented>
	<object>
		<name>fire</name>
		<pose>Unspecified</pose>
		<truncated>0</truncated>
		<difficult>0</difficult>
		<bndbox>
			<xmin>2</xmin>
			<ymin>140</ymin>
			<xmax>71</xmax>
			<ymax>208</ymax>
		</bndbox>
	</object>
	<object>
		<name>fire</name>
		<pose>Unspecified</pose>
		<truncated>0</truncated>
		<difficult>0</difficult>
		<bndbox>
			<xmin>79</xmin>
			<ymin>144</ymin>
			<xmax>217</xmax>
			<ymax>210</ymax>
		</bndbox>
	</object>
</annotation>
