<annotation>
	<folder>fire_train_1</folder>
	<filename>fire_47.jpg</filename>
	<path>\\wsl$\Ubuntu-20.04\home\junwide\Documents\notebooks\MaixPy_YoloV2\datasets\fire\fire_1\fire_train_1\fire_47.jpg</path>
	<source>
		<database>Unknown</database>
	</source>
	<size>
		<width>224</width>
		<height>224</height>
		<depth>3</depth>
	</size>
	<segmented>0</segmented>
	<object>
		<name>fire</name>
		<pose>Unspecified</pose>
		<truncated>0</truncated>
		<difficult>0</difficult>
		<bndbox>
			<xmin>78</xmin>
			<ymin>113</ymin>
			<xmax>221</xmax>
			<ymax>165</ymax>
		</bndbox>
	</object>
	<object>
		<name>fire</name>
		<pose>Unspecified</pose>
		<truncated>1</truncated>
		<difficult>0</difficult>
		<bndbox>
			<xmin>192</xmin>
			<ymin>97</ymin>
			<xmax>224</xmax>
			<ymax>142</ymax>
		</bndbox>
	</object>
	<object>
		<name>fire</name>
		<pose>Unspecified</pose>
		<truncated>0</truncated>
		<difficult>0</difficult>
		<bndbox>
			<xmin>12</xmin>
			<ymin>164</ymin>
			<xmax>181</xmax>
			<ymax>216</ymax>
		</bndbox>
	</object>
	<object>
		<name>fire</name>
		<pose>Unspecified</pose>
		<truncated>1</truncated>
		<difficult>0</difficult>
		<bndbox>
			<xmin>1</xmin>
			<ymin>116</ymin>
			<xmax>48</xmax>
			<ymax>145</ymax>
		</bndbox>
	</object>
	<object>
		<name>fire</name>
		<pose>Unspecified</pose>
		<truncated>0</truncated>
		<difficult>0</difficult>
		<bndbox>
			<xmin>40</xmin>
			<ymin>135</ymin>
			<xmax>107</xmax>
			<ymax>173</ymax>
		</bndbox>
	</object>
	<object>
		<name>fire</name>
		<pose>Unspecified</pose>
		<truncated>0</truncated>
		<difficult>0</difficult>
		<bndbox>
			<xmin>4</xmin>
			<ymin>154</ymin>
			<xmax>29</xmax>
			<ymax>177</ymax>
		</bndbox>
	</object>
</annotation>
