<annotation>
	<folder>fire_train_4</folder>
	<filename>fire_520.jpg</filename>
	<path>\\wsl$\Ubuntu-20.04\home\junwide\Documents\notebooks\MaixPy_YoloV2\datasets\fire\fire_4\fire_train_4\fire_520.jpg</path>
	<source>
		<database>Unknown</database>
	</source>
	<size>
		<width>224</width>
		<height>224</height>
		<depth>3</depth>
	</size>
	<segmented>0</segmented>
	<object>
		<name>fire</name>
		<pose>Unspecified</pose>
		<truncated>0</truncated>
		<difficult>0</difficult>
		<bndbox>
			<xmin>147</xmin>
			<ymin>116</ymin>
			<xmax>217</xmax>
			<ymax>210</ymax>
		</bndbox>
	</object>
	<object>
		<name>fire</name>
		<pose>Unspecified</pose>
		<truncated>0</truncated>
		<difficult>0</difficult>
		<bndbox>
			<xmin>2</xmin>
			<ymin>119</ymin>
			<xmax>54</xmax>
			<ymax>193</ymax>
		</bndbox>
	</object>
	<object>
		<name>fire</name>
		<pose>Unspecified</pose>
		<truncated>0</truncated>
		<difficult>0</difficult>
		<bndbox>
			<xmin>98</xmin>
			<ymin>77</ymin>
			<xmax>165</xmax>
			<ymax>120</ymax>
		</bndbox>
	</object>
</annotation>
