{
    "config_name": "airv3_big",
    "lcd": {
        "rst" : 0,
        "dcx" : 38,
        "ss" : 36, 
        "clk" : 39,
        "height": 240,
        "width": 320,
        "invert": 0,
        "offset_w0": 0,
        "offset_h0": 0,
        "offset_w1": 0,
        "offset_h1": 0,
        "dir": 96,
        "oct": 1
    }, 
    "sensor": {
        "cmos_pclk":47,
        "cmos_xclk":46,
        "cmos_href":45,
        "cmos_pwdn":13,
        "cmos_vsync":43,
        "cmos_rst":42,
        "reg_width":16,
        "i2c_num":2,
        "pin_clk":41,
        "pin_sda":40
    },
    "sdcard":{
        "sclk":27,
        "mosi":28,
        "miso":26,
        "cs":29
    }
}


