{
    "config_name": "cube.config",
    "lcd": {
        "height": 240,
        "width": 240,
        "invert": 1,
        "dir": 96
    },
    "freq_cpu": 416000000,
    "freq_pll1": 400000000,
    "kpu_div": 1,
    "board_info": {
	    "pin_num":   48,
	    "JTAG_TCK":   0,
	    "JTAG_TDI":   1,
	    "JTAG_TMS":   2,
	    "JTAG_TDO":   3,
	    "ISP_RX":     4,
	    "ISP_TX":     5,
	    "SPMOD8":     6,
	    "SPMOD4":     7,
	    "SPMOD7":     8,
	    "PIN9":       9,
	    "KEY1":      10,
	    "KEY2":      11,
	    "LED_G":     12,
	    "LED_R":     13,
	    "LED_B":     14,
	    "SPMOD3":    15,
	    "BOOT_KEY":  16,
	    "LCD_BL":    17,
	    "I2S_DIN":   18,
	    "I2S_MCLK":  19,
	    "SPMOD2":    20,
	    "SPMOD6":    21,
	    "USB_SBU2":  22,
	    "USB_SBU1":  23,
	    "GROVE1":    24,
	    "GROVE2":    25,
	    "SPI0_MISO": 26,
	    "SPI0_CLK":  27,
	    "SPI0_MOSI": 28,
	    "SPI0_CS0":  29,
	    "I2C1_SCL":  30,
	    "I2C1_SDA":  31,
	    "WLED_EN":   32,
	    "I2S_LRCK":  33,
	    "I2S_DOUT":  34,
	    "I2S_SCLK":  35,
	    "LCD_CS":    36,
	    "LCD_RST":   37,
	    "LCD_DC":    38,
	    "LCD_WR":    39,
	    "DVP_SDA":   40,
	    "DVP_SCL":   41,
	    "DVP_RST":   42,
	    "DVP_VSYNC": 43,
	    "DVP_PWDN":  44,
	    "DVP_HSYNC": 45,
	    "DVP_XCLK":  46,
	    "DVP_PCLK":  47,
	    "pin_name": [
		    "JTAG_TCK",
		    "JTAG_TDI",
		    "JTAG_TMS",
		    "JTAG_TDO",
		    "ISP_RX",
		    "ISP_TX",
		    "SPMOD8",
		    "SPMOD4",
		    "SPMOD7",
		    "PIN9",
		    "KEY1",
		    "KEY2",
		    "LED_G",
		    "LED_R",
		    "LED_B",
		    "SPMOD3",
		    "BOOT_KEY",
		    "LCD_BL",
		    "I2S_DIN",
		    "I2S_MCLK",
		    "SPMOD2",
		    "SPMOD6",
		    "USB_SBU2",
		    "USB_SBU1",
		    "GROVE1",
		    "GROVE2",
		    "SPI0_MISO",
		    "SPI0_CLK",
		    "SPI0_MOSI",
		    "SPI0_CS0",
		    "I2C1_SCL",
		    "I2C1_SDA",
		    "WLED_EN",
		    "I2S_LRCK",
		    "I2S_DOUT",
		    "I2S_SCLK",
		    "LCD_CS",
		    "LCD_RST",
		    "LCD_DC",
		    "LCD_WR",
		    "DVP_SDA",
		    "DVP_SCL",
		    "DVP_RST",
		    "DVP_VSYNC",
		    "DVP_PWDN",
		    "DVP_HSYNC",
		    "DVP_XCLK",
		    "DVP_PCLK"
	    ],
	    "D":         [4, 5, 21, 22, 23, 24, 32, 15, 14, 13, 12, 11, 10, 3]
    }
}
