{
    "plugins": [
        "-highlight",
        "prism",
        "footnote-string-to-number",
        "search-pro",
        "anchors",
        "flow",
        "sequence",
        "katex-plus",
        "echarts"
    ],
    "pdf": {
        "margin": {
            "top": 36,
            "bottom": 36
        },
        "toc": true
    },
    "structure": {
        "readme": "README.md",
        "summary": "SUMMARY.md"
    },
    "title": "Kendryte Standalone SDK Programming Guide",
    "language": "en"
}
